{
  "project_info": {
    "project_number": "865258452207",
    "project_id": "proyectocalculadora2",
    "storage_bucket": "proyectocalculadora2.appspot.com"
  },
  "client": [
    {
      "client_info": {
        "mobilesdk_app_id": "1:865258452207:android:7a9a260d879249f778d71a",
        "android_client_info": {
          "package_name": "com.example.proyectocalculadora"
        }
      },
      "oauth_client": [],
      "api_key": [
        {
          "current_key": "AIzaSyCSKWUJpQDodqCDZxZksjOs84Q4zhG_aPo"
        }
      ],
      "services": {
        "appinvite_service": {
          "other_platform_oauth_client": []
        }
      }
    }
  ],
  "configuration_version": "1"
}